,precision,recall,f1-score,support
0,0.9306930693069307,0.94,0.9353233830845772,200.0
1,0.8762886597938144,0.85,0.8629441624365483,200.0
2,0.92,0.92,0.92,200.0
3,0.9246231155778895,0.92,0.9223057644110277,200.0
4,0.9330143540669856,0.975,0.9535452322738386,200.0
5,0.9510869565217391,0.875,0.9114583333333333,200.0
6,0.8679245283018868,0.92,0.8932038834951457,200.0
accuracy,0.9142857142857143,0.9142857142857143,0.9142857142857143,0.9142857142857143
macro avg,0.9148043833670352,0.9142857142857143,0.9141115370049244,1400.0
weighted avg,0.9148043833670352,0.9142857142857143,0.9141115370049244,1400.0
