,precision,recall,f1-score,support
0,0.7708333333333334,0.8726415094339622,0.8185840707964601,212.0
2,0.0,0.0,0.0,7.0
3,0.05976095617529881,0.375,0.10309278350515465,40.0
4,0.09722222222222222,0.03398058252427184,0.050359712230215826,206.0
5,0.18181818181818182,0.044444444444444446,0.07142857142857142,90.0
6,0.0,0.0,0.0,45.0
accuracy,0.3516666666666667,0.3516666666666667,0.3516666666666667,0.3516666666666667
macro avg,0.18493911559150603,0.22101108940044645,0.17391085632673367,600.0
weighted avg,0.33699753175848796,0.3516666666666667,0.3241103441617527,600.0
