,precision,recall,f1-score,support
0,0.7083333333333334,0.8820754716981132,0.7857142857142858,212.0
2,0.0,0.0,0.0,7.0
3,1.0,0.05,0.09523809523809523,40.0
4,0.6554307116104869,0.8495145631067961,0.7399577167019028,206.0
5,0.609375,0.43333333333333335,0.5064935064935066,90.0
6,1.0,0.06666666666666667,0.125,45.0
accuracy,0.6766666666666666,0.6766666666666666,0.6766666666666666,0.6766666666666666
macro avg,0.66218984082397,0.3802650058008182,0.37540060069129844,600.0
weighted avg,0.7083819054307117,0.6766666666666666,0.6233694293432666,600.0
