,precision,recall,f1-score,support
0,0.6811594202898551,0.8867924528301887,0.7704918032786885,212.0
2,0.0,0.0,0.0,7.0
3,0.0,0.0,0.0,40.0
4,0.6833976833976834,0.8592233009708737,0.7612903225806451,206.0
5,0.603448275862069,0.3888888888888889,0.472972972972973,90.0
6,0.7142857142857143,0.1111111111111111,0.19230769230769232,45.0
accuracy,0.675,0.675,0.675,0.675
macro avg,0.4470485156392203,0.37433595896684374,0.3661771318566665,600.0
weighted avg,0.6193982030863591,0.675,0.6189858041135142,600.0
