,precision,recall,f1-score,support
0,0.782051282051282,0.8632075471698113,0.8206278026905831,212.0
2,0.0,0.0,0.0,7.0
3,0.044897959183673466,0.275,0.07719298245614035,40.0
4,0.09333333333333334,0.03398058252427184,0.0498220640569395,206.0
5,0.13793103448275862,0.044444444444444446,0.06722689075630252,90.0
6,0.0,0.0,0.0,45.0
accuracy,0.3416666666666667,0.3416666666666667,0.3416666666666667,0.3416666666666667
macro avg,0.17636893484184124,0.2027720956897546,0.16914495665999427,600.0
weighted avg,0.3320520832205561,0.3416666666666667,0.3222909647207433,600.0
