,precision,recall,f1-score,support
0,0.6940298507462687,0.8773584905660378,0.775,212.0
2,0.0,0.0,0.0,7.0
3,1.0,0.075,0.13953488372093023,40.0
4,0.6823529411764706,0.8446601941747572,0.754880694143167,206.0
5,0.5970149253731343,0.4444444444444444,0.5095541401273885,90.0
6,0.8571428571428571,0.13333333333333333,0.23076923076923078,45.0
accuracy,0.6816666666666666,0.6816666666666666,0.6816666666666666,0.6816666666666666
macro avg,0.6384234290731218,0.39579941041976213,0.4016231581267861,600.0
weighted avg,0.7000030101592876,0.6816666666666666,0.6360521772306833,600.0
