,precision,recall,f1-score,support
0,0.7346938775510204,0.8490566037735849,0.7877461706783371,212.0
1,0.0,0.0,0.0,0.0
2,0.0,0.0,0.0,7.0
3,0.047619047619047616,0.3,0.0821917808219178,40.0
4,0.08823529411764706,0.02912621359223301,0.043795620437956206,206.0
5,0.15,0.03333333333333333,0.05454545454545455,90.0
6,0.0,0.0,0.0,45.0
accuracy,0.335,0.335,0.335,0.335
macro avg,0.14579260275538788,0.1730737358141645,0.13832557521195224,600.0
weighted avg,0.31556055755635587,0.335,0.3070347468933234,600.0
