,precision,recall,f1-score,support
0,0.6846153846153846,0.839622641509434,0.7542372881355931,212.0
2,0.0,0.0,0.0,7.0
3,0.6666666666666666,0.05,0.09302325581395349,40.0
4,0.6642066420664207,0.8737864077669902,0.7547169811320755,206.0
5,0.6065573770491803,0.4111111111111111,0.4900662251655629,90.0
6,0.6,0.06666666666666667,0.12000000000000001,45.0
accuracy,0.6666666666666666,0.6666666666666666,0.6666666666666666,0.6666666666666666
macro avg,0.5370076783996087,0.3735311378423671,0.3686739583745309,600.0
weighted avg,0.6503697673420619,0.6666666666666666,0.6143281561590201,600.0
