,precision,recall,f1-score,support
0,0.6744186046511628,0.8207547169811321,0.7404255319148936,212.0
2,0.0,0.0,0.0,7.0
3,0.16666666666666666,0.025,0.04347826086956522,40.0
4,0.660377358490566,0.8495145631067961,0.7430997876857749,206.0
5,0.609375,0.43333333333333335,0.5064935064935066,90.0
6,0.7142857142857143,0.1111111111111111,0.19230769230769232,45.0
accuracy,0.6566666666666666,0.6566666666666666,0.6566666666666666,0.6566666666666666
macro avg,0.4708538906823516,0.3732856207553954,0.3709674632119055,600.0
weighted avg,0.6211129230743783,0.6566666666666666,0.6100436020037857,600.0
