,precision,recall,f1-score,support
0,0.6934865900383141,0.8537735849056604,0.7653276955602537,212.0
2,0.0,0.0,0.0,7.0
3,1.0,0.05,0.09523809523809523,40.0
4,0.6875,0.8543689320388349,0.7619047619047619,206.0
5,0.6027397260273972,0.4888888888888889,0.5398773006134968,90.0
6,0.625,0.1111111111111111,0.18867924528301885,45.0
accuracy,0.68,0.68,0.68,0.68
macro avg,0.6014543860109519,0.39302375282408253,0.3918378497666044,600.0
weighted avg,0.6850262207176473,0.68,0.6334848321893819,600.0
