,precision,recall,f1-score,support
0,0.732,0.8632075471698113,0.7922077922077922,212.0
2,0.0,0.0,0.0,7.0
3,0.42857142857142855,0.075,0.1276595744680851,40.0
4,0.6410256410256411,0.8495145631067961,0.7306889352818372,206.0
5,0.639344262295082,0.43333333333333335,0.5165562913907286,90.0
6,0.6666666666666666,0.13333333333333333,0.2222222222222222,45.0
accuracy,0.6766666666666666,0.6766666666666666,0.6766666666666666,0.6766666666666666
macro avg,0.5179346664264697,0.39239812949054564,0.39822246926177757,600.0
weighted avg,0.653198538001161,0.6766666666666666,0.6334440363666657,600.0
