,precision,recall,f1-score,support
0,0.72,0.8490566037735849,0.7792207792207791,212.0
2,0.0,0.0,0.0,7.0
3,0.05791505791505792,0.375,0.10033444816053512,40.0
4,0.10144927536231885,0.03398058252427184,0.05090909090909092,206.0
5,0.21428571428571427,0.03333333333333333,0.057692307692307696,90.0
6,0.0,0.0,0.0,45.0
accuracy,0.3416666666666667,0.3416666666666667,0.3416666666666667,0.3416666666666667
macro avg,0.18227500792718185,0.2152284199385317,0.16469277099711882,600.0
weighted avg,0.3252347788782571,0.3416666666666667,0.3081462725680117,600.0
