,precision,recall,f1-score,support
0,0.7035573122529645,0.839622641509434,0.7655913978494624,212.0
2,0.0,0.0,0.0,7.0
3,0.5714285714285714,0.1,0.1702127659574468,40.0
4,0.6679389312977099,0.8495145631067961,0.7478632478632479,206.0
5,0.6338028169014085,0.5,0.5590062111801243,90.0
6,0.5714285714285714,0.08888888888888889,0.15384615384615385,45.0
accuracy,0.6766666666666666,0.6766666666666666,0.6766666666666666,0.6766666666666666
macro avg,0.5246927005515376,0.39633768225085314,0.3994199627827392,600.0
weighted avg,0.6539387535625201,0.6766666666666666,0.6340122532858351,600.0
