,precision,recall,f1-score,support
0,0.6917293233082706,0.8679245283018868,0.7698744769874477,212.0
2,0.0,0.0,0.0,7.0
3,0.5,0.075,0.13043478260869565,40.0
4,0.6704119850187266,0.8689320388349514,0.7568710359408033,206.0
5,0.6101694915254238,0.4,0.48322147651006714,90.0
6,1.0,0.044444444444444446,0.0851063829787234,45.0
accuracy,0.6733333333333333,0.6733333333333333,0.6733333333333333,0.6733333333333333
macro avg,0.5787184666420702,0.3760501685968804,0.37091802583762296,600.0
weighted avg,0.6744445661541654,0.6733333333333333,0.619443223249068,600.0
