,precision,recall,f1-score,support
0,0.7393162393162394,0.8160377358490566,0.7757847533632287,212.0
2,0.0,0.0,0.0,7.0
3,0.05426356589147287,0.35,0.09395973154362416,40.0
4,0.10843373493975904,0.043689320388349516,0.06228373702422146,206.0
5,0.06666666666666667,0.011111111111111112,0.01904761904761905,90.0
6,0.0,0.0,0.0,45.0
accuracy,0.3283333333333333,0.3283333333333333,0.3283333333333333,0.3283333333333333
macro avg,0.16144670113568965,0.20347302789141952,0.15851264016311556,600.0
weighted avg,0.3120715579471534,0.3283333333333333,0.30461582086004135,600.0
