,precision,recall,f1-score,support
0,0.7052238805970149,0.8915094339622641,0.7875,212.0
2,0.0,0.0,0.0,7.0
3,0.0,0.0,0.0,40.0
4,0.6770428015564203,0.8446601941747572,0.7516198704103673,206.0
5,0.6470588235294118,0.4888888888888889,0.5569620253164557,90.0
6,0.7142857142857143,0.1111111111111111,0.19230769230769232,45.0
accuracy,0.6866666666666666,0.6866666666666666,0.6866666666666666,0.6866666666666666
macro avg,0.45726853666142686,0.3893616046895036,0.3813982646724192,600.0
weighted avg,0.6322607184461566,0.6866666666666666,0.6342735362281047,600.0
