,precision,recall,f1-score,support
0,0.7325102880658436,0.839622641509434,0.7824175824175824,212.0
2,0.0,0.0,0.0,7.0
3,0.05363984674329502,0.35,0.0930232558139535,40.0
4,0.09859154929577464,0.03398058252427184,0.05054151624548736,206.0
5,0.13333333333333333,0.022222222222222223,0.0380952380952381,90.0
6,0.0,0.0,0.0,45.0
accuracy,0.335,0.335,0.335,0.335
macro avg,0.1696791695730411,0.20763757437598798,0.16067959876204357,600.0
weighted avg,0.316246056824367,0.335,0.30572263580037906,600.0
