,precision,recall,f1-score,support
0,0.6853932584269663,0.8632075471698113,0.7640918580375782,212.0
2,0.0,0.0,0.0,7.0
3,1.0,0.025,0.04878048780487806,40.0
4,0.6579925650557621,0.8592233009708737,0.7452631578947367,206.0
5,0.6140350877192983,0.3888888888888889,0.47619047619047616,90.0
6,0.5,0.06666666666666667,0.11764705882352941,45.0
accuracy,0.665,0.665,0.665,0.665
macro avg,0.5762368185336711,0.36716440061604017,0.35866217312519977,600.0
weighted avg,0.6643549951379012,0.665,0.6093569407444651,600.0
