,precision,recall,f1-score,support
0,0.7913043478260869,0.8584905660377359,0.823529411764706,212.0
2,0.0,0.0,0.0,7.0
3,0.04032258064516129,0.25,0.06944444444444443,40.0
4,0.08,0.02912621359223301,0.042704626334519574,206.0
5,0.16129032258064516,0.05555555555555555,0.08264462809917356,90.0
6,0.0,0.0,0.0,45.0
accuracy,0.3383333333333333,0.3383333333333333,0.3383333333333333,0.3383333333333333
macro avg,0.17881954184198223,0.1988620558642541,0.1697205184404739,600.0
weighted avg,0.3339425899953249,0.3383333333333333,0.3226686377095535,600.0
