,precision,recall,f1-score,support
0,0.683206106870229,0.8443396226415094,0.7552742616033755,212.0
2,0.0,0.0,0.0,7.0
3,1.0,0.075,0.13953488372093023,40.0
4,0.6468401486988847,0.8446601941747572,0.7326315789473683,206.0
5,0.5166666666666667,0.34444444444444444,0.4133333333333334,90.0
6,1.0,0.13333333333333333,0.23529411764705882,45.0
accuracy,0.655,0.655,0.655,0.655
macro avg,0.64111882037263,0.37362959909900745,0.3793446958753444,600.0
weighted avg,0.6826479421474314,0.655,0.6073497989433806,600.0
