,precision,recall,f1-score,support
0,0.7689075630252101,0.8632075471698113,0.8133333333333334,212.0
2,0.0,0.0,0.0,7.0
3,0.047058823529411764,0.3,0.08135593220338982,40.0
4,0.09090909090909091,0.03398058252427184,0.04946996466431096,206.0
5,0.06666666666666667,0.011111111111111112,0.01904761904761905,90.0
6,0.0,0.0,0.0,45.0
accuracy,0.3383333333333333,0.3383333333333333,0.3383333333333333,0.3383333333333333
macro avg,0.1622570240217299,0.20138320680086572,0.16053447487477554,600.0
weighted avg,0.31603004838298954,0.3383333333333333,0.31264333731656,600.0
