,precision,recall,f1-score,support
0,0.7905982905982906,0.8726415094339622,0.8295964125560539,212.0
2,0.0,0.0,0.0,7.0
3,0.044897959183673466,0.275,0.07719298245614035,40.0
4,0.09210526315789473,0.03398058252427184,0.04964539007092198,206.0
5,0.10344827586206896,0.03333333333333333,0.050420168067226885,90.0
6,0.0,0.0,0.0,45.0
accuracy,0.3433333333333333,0.3433333333333333,0.3433333333333333,0.3433333333333333
macro avg,0.17184163146698794,0.20249257088192793,0.1678091588583905,600.0
weighted avg,0.3294779750204951,0.3433333333333333,0.3228782070679823,600.0
