,precision,recall,f1-score,support
0,0.7407407407407407,0.8490566037735849,0.7912087912087912,212.0
2,0.0,0.0,0.0,7.0
3,0.04743083003952569,0.3,0.0819112627986348,40.0
4,0.0958904109589041,0.03398058252427184,0.05017921146953405,206.0
5,0.058823529411764705,0.011111111111111112,0.01869158878504673,90.0
6,0.0,0.0,0.0,45.0
accuracy,0.3333333333333333,0.3333333333333333,0.3333333333333333,0.3333333333333333
macro avg,0.1571475851918225,0.19902471623482798,0.15699847571033446,600.0
weighted avg,0.30663635423868524,0.3333333333333333,0.3050531246693122,600.0
